County;Municipality;Year;Population
Alamance;Burlington(Part);July 1, 2018;52866
Alamance;Gibsonville(Part);July 1, 2018;3687
Alamance;Graham;July 1, 2018;15136
Anson;Morven;July 1, 2018;486
Ashe;Unincorporated;July 1, 2018;24580
Avery;Seven Devils(Part);July 1, 2018;31
Bertie;Roxobel;July 1, 2018;217
Bertie;Unincorporated;July 1, 2018;13737
Bladen;Bladenboro;July 1, 2018;1722
Brunswick;Carolina Shores;July 1, 2018;3826
Brunswick;Ocean Isle Beach;July 1, 2018;661
Brunswick;Sandy Creek;July 1, 2018;304
Buncombe;Montreat;July 1, 2018;903
Burke;Hickory(Part);July 1, 2018;76
Burke;Long View(Part);July 1, 2018;744
Burke;Unincorporated;July 1, 2018;59928
Caldwell;Cajah's Mountain;July 1, 2018;2735
Caldwell;Rhodhiss(Part);July 1, 2018;356
Carteret;Bogue;July 1, 2018;732
Carteret;Cedar Point;July 1, 2018;1482
Carteret;Pine Knoll Shores;July 1, 2018;1340
Catawba;Long View(Part);July 1, 2018;4124
Chatham;Unincorporated;July 1, 2018;58009
Cherokee;Andrews;July 1, 2018;1851
Cleveland;Mooresboro;July 1, 2018;320
Cleveland;Shelby;July 1, 2018;20020
Columbus;Unincorporated;July 1, 2018;40229
Columbus;Whiteville;July 1, 2018;5190
Cumberland;Spring Lake;July 1, 2018;11392
Davidson;Thomasville(Part);July 1, 2018;26773
Davie;Mocksville;July 1, 2018;5425
Davie;Unincorporated;July 1, 2018;33913
Duplin;Greenevers;July 1, 2018;640
Forsyth;Kernersville(Part);July 1, 2018;25085
Forsyth;Walkertown;July 1, 2018;5435
Gaston;Cramerton;July 1, 2018;5062
Guilford;Burlington(Part);July 1, 2018;757
Guilford;Greensboro;July 1, 2018;292286
Guilford;Stokesdale;July 1, 2018;5857
Halifax;Enfield;July 1, 2018;2557
Halifax;Halifax;July 1, 2018;225
Halifax;Littleton;July 1, 2018;634
Halifax;Unincorporated;July 1, 2018;29636
Harnett;Angier(Part);July 1, 2018;5009
Haywood;Clyde;July 1, 2018;1274
Henderson;Mills River;July 1, 2018;7520
Henderson;Saluda(Part);July 1, 2018;14
Iredell;Mooresville;July 1, 2018;41255
Jackson;Unincorporated;July 1, 2018;40111
Jones;Maysville;July 1, 2018;1036
Lee;Broadway(Part);July 1, 2018;1279
Lee;Sanford;July 1, 2018;29962
Lincoln;Lincolnton;July 1, 2018;10565
Lincoln;Maiden(Part);July 1, 2018;3
Madison;Hot Springs;July 1, 2018;591
Madison;Mars Hill;July 1, 2018;2096
McDowell;Unincorporated;July 1, 2018;37027
Mecklenburg;Charlotte;July 1, 2018;852992
Mecklenburg;Mint Hill(Part);July 1, 2018;27459
Mecklenburg;Unincorporated;July 1, 2018;60898
Montgomery;Biscoe;July 1, 2018;1656
Nash;Red Oak;July 1, 2018;3573
New Hanover;Kure Beach;July 1, 2018;2255
Onslow;Jacksonville;July 1, 2018;75310
Orange;Carrboro;July 1, 2018;20715
Orange;Hillsborough;July 1, 2018;7483
Pamlico;Bayboro;July 1, 2018;1211
Pender;Topsail Beach;July 1, 2018;414
Person;Unincorporated;July 1, 2018;32027
Pitt;Greenville;July 1, 2018;89660
Pitt;Grifton(Part);July 1, 2018;2496
Pitt;Winterville;July 1, 2018;9456
Polk;Unincorporated;July 1, 2018;18011
Randolph;Staley;July 1, 2018;409
Robeson;Lumberton;July 1, 2018;20960
Robeson;Maxton(Part);July 1, 2018;2112
Robeson;St. Pauls;July 1, 2018;2151
Sampson;Faison(Part);July 1, 2018;0
Sampson;Turkey;July 1, 2018;310
Sampson;Unincorporated;July 1, 2018;52267
Scotland;Maxton(Part);July 1, 2018;190
Stokes;Walnut Cove;July 1, 2018;1376
Union;Mineral Springs;July 1, 2018;3065
Union;Monroe;July 1, 2018;35330
Union;Wingate;July 1, 2018;4104
Wake;Apex;July 1, 2018;52842
Wake;Fuquay-Varina;July 1, 2018;26924
Wake;Unincorporated;July 1, 2018;206187
Warren;Unincorporated;July 1, 2018;18033
Washington;Creswell;July 1, 2018;258
Wilson;Elm City;July 1, 2018;1252
Wilson;Kenly(Part);July 1, 2018;160
Wilson;Lucama;July 1, 2018;1149
Wilson;Sims;July 1, 2018;303
Wilson;Wilson;July 1, 2018;49054
Yadkin;Jonesville;July 1, 2018;2246
Yadkin;Yadkinville;July 1, 2018;2973
Yancey;Burnsville;July 1, 2018;1709
Alamance;Mebane(Part);July 1, 2018;11696
Alamance;Swepsonville;July 1, 2018;1466
Alleghany;Sparta;July 1, 2018;1799
Alleghany;Unincorporated;July 1, 2018;9623
Anson;Polkton;July 1, 2018;2656
Anson;Wadesboro;July 1, 2018;5426
Avery;Beech Mountain(Part);July 1, 2018;26
Alexander;Taylorsville;July 1, 2018;2131
Anson;Lilesville;July 1, 2018;537
Avery;Unincorporated;July 1, 2018;15240
Beaufort;Aurora;July 1, 2018;492
Anson;Unincorporated;July 1, 2018;15042
Ashe;Jefferson;July 1, 2018;1559
Ashe;Lansing;July 1, 2018;157
Avery;Elk Park;July 1, 2018;455
Bertie;Askewville;July 1, 2018;230
Bladen;Dublin;July 1, 2018;350
Bladen;Tar Heel;July 1, 2018;124
Beaufort;Unincorporated;July 1, 2018;34367
Brunswick;Belville;July 1, 2018;2274
Bladen;East Arcadia;July 1, 2018;472
Brunswick;Oak Island;July 1, 2018;7836
Brunswick;Bald Head Island;July 1, 2018;182
Brunswick;Varnamtown;July 1, 2018;656
Buncombe;Black Mountain;July 1, 2018;8460
Brunswick;Shallotte;July 1, 2018;4827
Buncombe;Unincorporated;July 1, 2018;146210
Buncombe;Woodfin;July 1, 2018;6651
Brunswick;Unincorporated;July 1, 2018;69956
Buncombe;Asheville;July 1, 2018;93621
Burke;Hildebran;July 1, 2018;2004
Caldwell;Unincorporated;July 1, 2018;44147
Carteret;Atlantic Beach;July 1, 2018;1499
Burke;Rhodhiss(Part);July 1, 2018;747
Carteret;Cape Carteret;July 1, 2018;2207
Cabarrus;Concord;July 1, 2018;92568
Alamance;Green Level;July 1, 2018;2197
Cabarrus;Kannapolis(Part);July 1, 2018;37973
Carteret;Peletier;July 1, 2018;741
Catawba;Brookford;July 1, 2018;375
Alexander;Unincorporated;July 1, 2018;36172
Caldwell;Cedar Rock;July 1, 2018;292
Caldwell;Gamewell;July 1, 2018;4050
Caswell;Milton;July 1, 2018;173
Caswell;Unincorporated;July 1, 2018;21484
Caldwell;Lenoir;July 1, 2018;17749
Chatham;Goldston;July 1, 2018;274
Anson;McFarlan;July 1, 2018;120
Catawba;Newton;July 1, 2018;13010
Anson;Peachland;July 1, 2018;413
Alamance;Elon;July 1, 2018;12695
Carteret;Beaufort;July 1, 2018;4221
Alamance;Haw River;July 1, 2018;2457
Avery;Newland;July 1, 2018;712
Avery;Sugar Mountain;July 1, 2018;198
Beaufort;Belhaven;July 1, 2018;1595
Caswell;Yanceyville;July 1, 2018;2022
Cleveland;Belwood;July 1, 2018;961
Cleveland;Casar;July 1, 2018;297
Catawba;Conover;July 1, 2018;8457
Cleveland;Fallston;July 1, 2018;619
Bertie;Aulander;July 1, 2018;818
Ashe;West Jefferson;July 1, 2018;1310
Bertie;Lewiston Woodville;July 1, 2018;512
Cleveland;Kings Mountain(Part);July 1, 2018;9745
Avery;Grandfather Village;July 1, 2018;25
Catawba;Unincorporated;July 1, 2018;86191
Cleveland;Kingstown;July 1, 2018;677
Beaufort;Washington;July 1, 2018;9355
Craven;Cove City;July 1, 2018;382
Bladen;Elizabethtown;July 1, 2018;3425
Craven;River Bend;July 1, 2018;3000
Chowan;Unincorporated;July 1, 2018;9533
Bertie;Colerain;July 1, 2018;187
Columbus;Bolton;July 1, 2018;684
Cleveland;Boiling Springs;July 1, 2018;4673
Cumberland;Linden;July 1, 2018;125
Brunswick;Bolivia;July 1, 2018;163
Craven;Bridgeton;July 1, 2018;463
Currituck;Unincorporated;July 1, 2018;27099
Brunswick;Leland;July 1, 2018;20297
Cleveland;Lattimore;July 1, 2018;476
Brunswick;Northwest;July 1, 2018;857
Cleveland;Lawndale;July 1, 2018;609
Cleveland;Patterson Springs;July 1, 2018;631
Davie;Bermuda Run;July 1, 2018;2665
Duplin;Beulaville;July 1, 2018;1336
Cumberland;Fayetteville;July 1, 2018;209028
Burke;Rutherford College;July 1, 2018;1401
Buncombe;Biltmore Forest;July 1, 2018;1372
Duplin;Kenansville;July 1, 2018;820
Burke;Valdese;July 1, 2018;4503
Cabarrus;Midland(Part);July 1, 2018;4024
Davidson;Unincorporated;July 1, 2018;107193
Davidson;Wallburg;July 1, 2018;3173
Cabarrus;Mount Pleasant;July 1, 2018;1912
Burke;Glen Alpine;July 1, 2018;1569
Caldwell;Blowing Rock(Part);July 1, 2018;105
Durham;Durham(Part);July 1, 2018;264686
Duplin;Calypso;July 1, 2018;552
Cumberland;Godwin;July 1, 2018;136
Duplin;Faison(Part);July 1, 2018;976
Durham;Unincorporated;July 1, 2018;41837
Duplin;Mount Olive(Part);July 1, 2018;51
Duplin;Rose Hill;July 1, 2018;1656
Edgecombe;MacClesfield;July 1, 2018;439
Edgecombe;Unincorporated;July 1, 2018;21631
Cabarrus;Unincorporated;July 1, 2018;54920
Dare;Manteo;July 1, 2018;1595
Durham;Chapel Hill(Part);July 1, 2018;3304
Edgecombe;Conetoe;July 1, 2018;269
Edgecombe;Speed;July 1, 2018;78
Forsyth;Tobaccoville(Part);July 1, 2018;2559
Forsyth;Rural Hall;July 1, 2018;3158
Forsyth;Unincorporated;July 1, 2018;62080
Gaston;Belmont;July 1, 2018;12205
Carteret;Indian Beach;July 1, 2018;127
Franklin;Centerville*;July 1, 2018;0
Gaston;Bessemer City;July 1, 2018;5508
Duplin;Unincorporated;July 1, 2018;45379
Franklin;Louisburg;July 1, 2018;3485
Catawba;Maiden(Part);July 1, 2018;3407
Gaston;High Shoals;July 1, 2018;713
Chatham;Pittsboro;July 1, 2018;4615
Gaston;Dallas;July 1, 2018;4827
Gaston;Kings Mountain(Part);July 1, 2018;1088
Cherokee;Unincorporated;July 1, 2018;25766
Catawba;Claremont;July 1, 2018;1477
Gaston;Lowell;July 1, 2018;3799
Edgecombe;Tarboro;July 1, 2018;10536
Catawba;Hickory(Part);July 1, 2018;40835
Gaston;McAdenville;July 1, 2018;693
Clay;Hayesville;July 1, 2018;372
Edgecombe;Whitakers(Part);July 1, 2018;367
Gaston;Ranlo;July 1, 2018;3590
Graham;Robbinsville;July 1, 2018;639
Forsyth;Clemmons;July 1, 2018;20059
Cleveland;Grover;July 1, 2018;721
Granville;Butner;July 1, 2018;8036
Cleveland;Polkville;July 1, 2018;553
Greene;Snow Hill;July 1, 2018;1592
Columbus;Brunswick;July 1, 2018;1082
Granville;Creedmoor;July 1, 2018;4666
Greene;Walstonburg;July 1, 2018;211
Columbus;Lake Waccamaw;July 1, 2018;1452
Clay;Unincorporated;July 1, 2018;11286
Granville;Stovall;July 1, 2018;428
Columbus;Sandyfield;July 1, 2018;471
Columbus;Tabor City;July 1, 2018;4292
Greene;Hookerton;July 1, 2018;392
Guilford;Kernersville(Part);July 1, 2018;620
Craven;Havelock;July 1, 2018;19766
Guilford;Sedalia;July 1, 2018;642
Guilford;Unincorporated;July 1, 2018;94637
Halifax;Hobgood;July 1, 2018;326
Harnett;Benson(Part);July 1, 2018;0
Craven;Dover;July 1, 2018;379
Cumberland;Stedman;July 1, 2018;1107
Craven;Trent Woods;July 1, 2018;3915
Cumberland;Eastover;July 1, 2018;3712
Dare;Duck;July 1, 2018;400
Granville;Unincorporated;July 1, 2018;38410
Cumberland;Wade;July 1, 2018;558
Davidson;High Point(Part);July 1, 2018;6309
Davidson;Lexington;July 1, 2018;18149
Dare;Southern Shores;July 1, 2018;3001
Iredell;Statesville;July 1, 2018;25824
Guilford;Whitsett;July 1, 2018;605
Halifax;Scotland Neck;July 1, 2018;1921
Davidson;Midway;July 1, 2018;4904
Iredell;Unincorporated;July 1, 2018;107829
Davie;Cooleemee;July 1, 2018;973
Jackson;Dillsboro;July 1, 2018;232
Jackson;Highlands(Part);July 1, 2018;4
Haywood;Unincorporated;July 1, 2018;45613
Johnston;Zebulon(Part);July 1, 2018;0
Henderson;Flat Rock;July 1, 2018;3361
Johnston;Unincorporated;July 1, 2018;142274
Henderson;Laurel Park;July 1, 2018;2268
Forsyth;Bethania;July 1, 2018;325
Forsyth;King(Part);July 1, 2018;691
Durham;Morrisville(Part);July 1, 2018;0
Macon;Franklin;July 1, 2018;4113
Lenoir;Grifton(Part);July 1, 2018;179
Lenoir;Kinston;July 1, 2018;20184
Edgecombe;Pinetops;July 1, 2018;1258
Hertford;Murfreesboro;July 1, 2018;3295
Hoke;Red Springs(Part);July 1, 2018;0
Franklin;Youngsville;July 1, 2018;1412
Madison;Unincorporated;July 1, 2018;18732
Hyde;Unincorporated;July 1, 2018;5198
Martin;Hamilton;July 1, 2018;391
Martin;Unincorporated;July 1, 2018;14723
Forsyth;High Point(Part);July 1, 2018;116
Gaston;Mount Holly;July 1, 2018;16063
McDowell;Marion;July 1, 2018;8436
Mecklenburg;Davidson(Part);July 1, 2018;13030
Mecklenburg;Huntersville;July 1, 2018;61220
Graham;Fontana Dam;July 1, 2018;23
Graham;Lake Santeetlah;July 1, 2018;42
Franklin;Bunn;July 1, 2018;350
Granville;Oxford;July 1, 2018;8504
Franklin;Franklinton;July 1, 2018;2071
Gaston;Cherryville;July 1, 2018;5972
Gaston;Gastonia;July 1, 2018;76298
Montgomery;Troy;July 1, 2018;3211
Guilford;High Point(Part);July 1, 2018;106564
Moore;Aberdeen;July 1, 2018;7859
Mitchell;Bakersville;July 1, 2018;475
Montgomery;Mount Gilead;July 1, 2018;1134
Moore;Whispering Pines;July 1, 2018;3520
Moore;Pinebluff;July 1, 2018;1513
Nash;Bailey;July 1, 2018;535
Nash;Dortches;July 1, 2018;999
Harnett;Lillington;July 1, 2018;3590
Nash;Castalia;July 1, 2018;257
McDowell;Old Fort;July 1, 2018;910
Guilford;Jamestown;July 1, 2018;4416
Guilford;Pleasant Garden;July 1, 2018;4657
Nash;Nashville;July 1, 2018;5221
Mecklenburg;Midland(Part);July 1, 2018;0
Hertford;Cofield;July 1, 2018;404
Mecklenburg;Pineville;July 1, 2018;9338
Nash;Whitakers(Part);July 1, 2018;329
Mecklenburg;Weddington(Part);July 1, 2018;7
Northampton;Conway;July 1, 2018;825
Iredell;Davidson(Part);July 1, 2018;358
Iredell;Harmony;July 1, 2018;551
Harnett;Coats;July 1, 2018;2343
Montgomery;Unincorporated;July 1, 2018;19937
Moore;Candor(Part);July 1, 2018;0
Pasquotank;Unincorporated;July 1, 2018;22103
Onslow;Swansboro;July 1, 2018;3045
Moore;Pinehurst;July 1, 2018;17100
Henderson;Fletcher;July 1, 2018;8249
Pender;Unincorporated;July 1, 2018;54777
Pender;Watha;July 1, 2018;229
Hertford;Ahoskie;July 1, 2018;4784
Moore;Vass;July 1, 2018;799
Johnston;Wilson's Mill;July 1, 2018;2723
Hertford;Como;July 1, 2018;90
Nash;Middlesex;July 1, 2018;826
Pamlico;Arapahoe;July 1, 2018;588
Hertford;Unincorporated;July 1, 2018;14699
Hertford;Winton;July 1, 2018;719
Pitt;Falkland;July 1, 2018;95
Nash;Sharpsburg(Part);July 1, 2018;1188
Hoke;Unincorporated;July 1, 2018;49044
Pamlico;Unincorporated;July 1, 2018;7914
New Hanover;Carolina Beach;July 1, 2018;6142
Macon;Highlands(Part);July 1, 2018;946
Iredell;Love Valley;July 1, 2018;123
New Hanover;Wilmington;July 1, 2018;121910
Jackson;Forest Hills;July 1, 2018;378
Martin;Everetts;July 1, 2018;155
New Hanover;Wrightsville Beach;July 1, 2018;2505
Randolph;Franklinville;July 1, 2018;1201
Pender;Wallace(Part);July 1, 2018;0
Northampton;Garysburg;July 1, 2018;986
Randolph;High Point(Part);July 1, 2018;8
Martin;Parmele;July 1, 2018;267
Johnston;Archer Lodge;July 1, 2018;5088
Johnston;Benson(Part);July 1, 2018;3498
Northampton;Rich Square;July 1, 2018;920
Johnston;Micro;July 1, 2018;470
Randolph;Unincorporated;July 1, 2018;89211
Pitt;Bethel;July 1, 2018;1540
Mecklenburg;Cornelius;July 1, 2018;31737
Onslow;North Topsail Beach;July 1, 2018;781
Pitt;Grimesland;July 1, 2018;445
Onslow;Unincorporated;July 1, 2018;115612
Lenoir;Pink Hill;July 1, 2018;543
Montgomery;Star;July 1, 2018;867
Randolph;Archdale(Part);July 1, 2018;11802
Lincoln;Unincorporated;July 1, 2018;74183
Macon;Unincorporated;July 1, 2018;31042
Pamlico;Alliance;July 1, 2018;780
Randolph;Trinity;July 1, 2018;6599
Richmond;Dobbins Heights;July 1, 2018;826
Martin;Hassell;July 1, 2018;83
Pasquotank;Elizabeth City(Part);July 1, 2018;17687
Moore;Unincorporated;July 1, 2018;48581
Martin;Robersonville;July 1, 2018;1405
Rowan;Granite Quarry;July 1, 2018;3120
Robeson;Raynham;July 1, 2018;94
Perquimans;Hertford;July 1, 2018;2099
Mecklenburg;Stallings(Part);July 1, 2018;537
Rockingham;Unincorporated;July 1, 2018;54039
Rowan;China Grove;July 1, 2018;4286
Pitt;Farmville;July 1, 2018;4611
Sampson;Harrells(Part);July 1, 2018;178
Northampton;Gaston;July 1, 2018;1102
Sampson;Newton Grove;July 1, 2018;566
Northampton;Unincorporated;July 1, 2018;14603
Scotland;East Laurinburg;July 1, 2018;291
Rowan;Salisbury;July 1, 2018;34536
Polk;Columbus;July 1, 2018;1004
Polk;Saluda(Part);July 1, 2018;728
Moore;Taylortown;July 1, 2018;757
Scotland;Wagram;July 1, 2018;828
Rutherford;Forest City;July 1, 2018;7429
Orange;Chapel Hill(Part);July 1, 2018;59874
Stanly;Red Cross;July 1, 2018;774
Nash;Momeyer;July 1, 2018;217
Stanly;Richfield;July 1, 2018;655
Sampson;Clinton;July 1, 2018;8340
Richmond;Norman;July 1, 2018;142
Surry;Elkin(Part);July 1, 2018;3976
New Hanover;Unincorporated;July 1, 2018;99436
Scotland;Gibson;July 1, 2018;517
Pamlico;Vandemere;July 1, 2018;253
Robeson;McDonald;July 1, 2018;108
Stanly;Badin;July 1, 2018;1983
Northampton;Seaboard;July 1, 2018;585
Northampton;Severn;July 1, 2018;264
Stanly;Oakboro;July 1, 2018;2040
Union;Hemby Bridge;July 1, 2018;1592
Rockingham;Mayodan;July 1, 2018;2395
Northampton;Woodland;July 1, 2018;740
Union;Marvin;July 1, 2018;7166
Swain;Bryson City;July 1, 2018;1488
Orange;Unincorporated;July 1, 2018;55316
Union;Wesley Chapel;July 1, 2018;8981
Rowan;Kannapolis(Part);July 1, 2018;9928
Vance;Kittrell;July 1, 2018;174
Vance;Middleburg;July 1, 2018;134
Randolph;Ramseur;July 1, 2018;1667
Randolph;Randleman;July 1, 2018;4161
Pamlico;Oriental;July 1, 2018;919
Rowan;Unincorporated;July 1, 2018;78094
Rutherford;Lake Lure;July 1, 2018;1226
Randolph;Thomasville(Part);July 1, 2018;323
Pender;Atkinson;July 1, 2018;351
Richmond;Hamlet;July 1, 2018;6338
Pender;Surf City(Part);July 1, 2018;1874
Rutherford;Unincorporated;July 1, 2018;49463
Wake;Zebulon(Part);July 1, 2018;4986
Union;Unincorporated;July 1, 2018;75090
Sampson;Falcon(Part);July 1, 2018;0
Sampson;Garland;July 1, 2018;633
Robeson;Fairmont;July 1, 2018;2589
Watauga;Blowing Rock(Part);July 1, 2018;1242
Perquimans;Unincorporated;July 1, 2018;10948
Sampson;Salemburg;July 1, 2018;429
Watauga;Seven Devils(Part);July 1, 2018;189
Robeson;Marietta;July 1, 2018;172
Person;Roxboro;July 1, 2018;8181
Scotland;Laurinburg;July 1, 2018;15560
Pitt;Ayden;July 1, 2018;4942
Vance;Unincorporated;July 1, 2018;30474
Wake;Cary(Part);July 1, 2018;159489
Wake;Garner;July 1, 2018;30783
Pitt;Simpson;July 1, 2018;436
Wake;Morrisville(Part);July 1, 2018;26041
Rockingham;Madison;July 1, 2018;2172
Stokes;Danbury;July 1, 2018;186
Stokes;Tobaccoville(Part);July 1, 2018;0
Wilkes;Wilkesboro;July 1, 2018;3602
Wilson;Black Creek;July 1, 2018;765
Rowan;East Spencer;July 1, 2018;1512
Randolph;Asheboro;July 1, 2018;25848
Randolph;Liberty;July 1, 2018;2630
Surry;Mount Airy;July 1, 2018;10252
Rowan;Rockwell;July 1, 2018;2174
Surry;Pilot Mountain;July 1, 2018;1509
Rutherford;Bostic;July 1, 2018;390
Rutherford;Chimney Rock;July 1, 2018;112
Transylvania;Brevard;July 1, 2018;8159
Transylvania;Rosman;July 1, 2018;629
Watauga;Unincorporated;July 1, 2018;35527
Tyrrell;Unincorporated;July 1, 2018;3427
Wayne;Goldsboro;July 1, 2018;33636
Union;Indian Trail;July 1, 2018;39390
Wayne;Unincorporated;July 1, 2018;83489
Robeson;Red Springs(Part);July 1, 2018;3293
Robeson;Rowland;July 1, 2018;982
Robeson;Unincorporated;July 1, 2018;94788
Wilkes;Elkin(Part);July 1, 2018;81
Rockingham;Eden;July 1, 2018;15023
Wilkes;North Wilkesboro;July 1, 2018;4372
Union;Unionville;July 1, 2018;6731
Union;Waxhaw;July 1, 2018;14249
Union;Weddington(Part);July 1, 2018;10853
Rockingham;Wentworth;July 1, 2018;2725
Vance;Henderson;July 1, 2018;14982
Wilson;Saratoga;July 1, 2018;408
Wilson;Unincorporated;July 1, 2018;27528
Stanly;Albemarle;July 1, 2018;16140
Rowan;Cleveland;July 1, 2018;892
Yadkin;Unincorporated;July 1, 2018;31065
Stokes;Unincorporated;July 1, 2018;38665
Wake;Wake Forest(Part);July 1, 2018;36149
Rutherford;Spindale;July 1, 2018;4320
Warren;Macon;July 1, 2018;138
Sampson;Autryville;July 1, 2018;199
Warren;Warrenton;July 1, 2018;823
Watauga;Beech Mountain(Part);July 1, 2018;312
Wayne;Fremont;July 1, 2018;1229
Sampson;Roseboro;July 1, 2018;1165
Wayne;Pikeville;July 1, 2018;665
Union;Marshville;July 1, 2018;2466
Wayne;Seven Springs;July 1, 2018;116
Union;Mint Hill(Part);July 1, 2018;63
Union;Stallings(Part);July 1, 2018;15890
Stanly;Stanfield;July 1, 2018;1615
Wake;Raleigh(Part);July 1, 2018;463115
Swain;Unincorporated;July 1, 2018;12954
Wayne;Eureka;July 1, 2018;189
Wilson;Stantonsburg;July 1, 2018;773
Washington;Roper;July 1, 2018;572
Wayne;Mount Olive(Part);July 1, 2018;4554
Wayne;Walnut Creek;July 1, 2018;825
Alamance;Ossipee;July 1, 2018;598
Alamance;Unincorporated;July 1, 2018;62700
Anson;Ansonville;July 1, 2018;608
Avery;Banner Elk;July 1, 2018;1158
Avery;Crossnore;July 1, 2018;212
Beaufort;Bath;July 1, 2018;237
Bertie;Kelford;July 1, 2018;230
Bertie;Powellsville;July 1, 2018;251
Bertie;Windsor;July 1, 2018;3527
Bladen;Clarkton;July 1, 2018;824
Brunswick;Calabash;July 1, 2018;2031
Brunswick;Caswell Beach;July 1, 2018;462
Brunswick;Holden Beach;July 1, 2018;651
Brunswick;Navassa;July 1, 2018;2001
Buncombe;Weaverville;July 1, 2018;3848
Burke;Connelly Springs;July 1, 2018;1679
Burke;Drexel;July 1, 2018;1830
Burke;Morganton;July 1, 2018;16921
Cabarrus;Locust(Part);July 1, 2018;284
Caldwell;Granite Falls;July 1, 2018;4651
Caldwell;Hickory(Part);July 1, 2018;21
Caldwell;Sawmills;July 1, 2018;5215
Carteret;Emerald Isle;July 1, 2018;3797
Catawba;Catawba;July 1, 2018;607
Chatham;Cary(Part);July 1, 2018;2832
Cleveland;Unincorporated;July 1, 2018;58245
Columbus;Cerro Gordo;July 1, 2018;196
Columbus;Chadbourn;July 1, 2018;1763
Columbus;Fair Bluff;July 1, 2018;913
Craven;Unincorporated;July 1, 2018;44565
Cumberland;Falcon(Part);July 1, 2018;390
Cumberland;Unincorporated;July 1, 2018;88489
Dare;Kill Devil Hills;July 1, 2018;7266
Duplin;Harrells(Part);July 1, 2018;24
Duplin;Wallace(Part);July 1, 2018;4025
Duplin;Warsaw;July 1, 2018;2968
Durham;Raleigh(Part);July 1, 2018;1336
Edgecombe;Leggett;July 1, 2018;57
Edgecombe;Princeville;July 1, 2018;2208
Franklin;Wake Forest(Part);July 1, 2018;1130
Gaston;Stanley;July 1, 2018;3775
Gaston;Unincorporated;July 1, 2018;81413
Gates;Gatesville;July 1, 2018;318
Graham;Unincorporated;July 1, 2018;7982
Guilford;Gibsonville(Part);July 1, 2018;3592
Guilford;Oak Ridge;July 1, 2018;7535
Harnett;Broadway(Part);July 1, 2018;50
Harnett;Dunn;July 1, 2018;9541
Harnett;Erwin;July 1, 2018;4623
Haywood;Maggie Valley;July 1, 2018;1442
Henderson;Unincorporated;July 1, 2018;81194
Hoke;Raeford;July 1, 2018;4948
Iredell;Troutman;July 1, 2018;2790
Jackson;Sylva;July 1, 2018;2720
Jackson;Webster;July 1, 2018;374
Johnston;Four Oaks;July 1, 2018;2108
Johnston;Kenly(Part);July 1, 2018;1249
Johnston;Pine Level;July 1, 2018;1871
Johnston;Selma;July 1, 2018;6643
Johnston;Smithfield;July 1, 2018;11432
Lenoir;La Grange;July 1, 2018;2733
Martin;Jamesville;July 1, 2018;469
Martin;Oak City;July 1, 2018;299
Martin;Williamston;July 1, 2018;5400
Mecklenburg;Matthews;July 1, 2018;31132
Mitchell;Spruce Pine;July 1, 2018;2170
Mitchell;Unincorporated;July 1, 2018;12578
Moore;Cameron;July 1, 2018;361
Moore;Foxfire;July 1, 2018;1096
Nash;Unincorporated;July 1, 2018;41910
Northampton;Jackson;July 1, 2018;474
Orange;Durham(Part);July 1, 2018;32
Pamlico;Mesic;July 1, 2018;216
Pamlico;Minnesott Beach;July 1, 2018;498
Pamlico;Stonewall;July 1, 2018;283
Alamance;Alamance;July 1, 2018;1140
Pitt;Fountain;July 1, 2018;424
Pitt;Unincorporated;July 1, 2018;64335
Polk;Tryon;July 1, 2018;1792
Richmond;Ellerbe;July 1, 2018;1027
Beaufort;Chocowinity;July 1, 2018;823
Beaufort;Pantego;July 1, 2018;176
Robeson;Lumber Bridge;July 1, 2018;90
Beaufort;Washington Park;July 1, 2018;430
Robeson;Orrum;July 1, 2018;90
Robeson;Parkton;July 1, 2018;422
Robeson;Rennert;July 1, 2018;390
Rockingham;Reidsville;July 1, 2018;14171
Rockingham;Stoneville;July 1, 2018;1221
Bladen;Unincorporated;July 1, 2018;26775
Bladen;White Lake;July 1, 2018;874
Brunswick;Boiling Spring Lakes;July 1, 2018;6928
Rowan;Spencer;July 1, 2018;3254
Brunswick;Southport;July 1, 2018;3515
Brunswick;St. James;July 1, 2018;5353
Brunswick;Sunset Beach;July 1, 2018;4323
Stanly;Misenheimer;July 1, 2018;797
Stanly;Norwood;July 1, 2018;2405
Cabarrus;Harrisburg;July 1, 2018;17469
Stokes;King(Part);July 1, 2018;6245
Caldwell;Hudson;July 1, 2018;3970
Surry;Unincorporated;July 1, 2018;55917
Camden;Elizabeth City(Part);July 1, 2018;44
Camden;Unincorporated;July 1, 2018;10446
Carteret;Morehead City;July 1, 2018;9481
Carteret;Newport;July 1, 2018;4757
Carteret;Unincorporated;July 1, 2018;40312
Wake;Clayton(Part);July 1, 2018;0
Wake;Durham(Part);July 1, 2018;337
Wake;Knightdale;July 1, 2018;15305
Chatham;Siler City;July 1, 2018;8534
Cherokee;Murphy;July 1, 2018;1658
Warren;Norlina;July 1, 2018;1072
Chowan;Edenton;July 1, 2018;4640
Watauga;Boone;July 1, 2018;19797
Cleveland;Earl;July 1, 2018;271
Wilkes;Ronda;July 1, 2018;413
Wilkes;Unincorporated;July 1, 2018;61445
Cleveland;Waco;July 1, 2018;322
Columbus;Boardman;July 1, 2018;152
Yadkin;Boonville;July 1, 2018;1222
Craven;New Bern;July 1, 2018;30139
Craven;Vanceboro;July 1, 2018;985
Cumberland;Hope Mills;July 1, 2018;16827
Dare;Kitty Hawk;July 1, 2018;3570
Dare;Nags Head;July 1, 2018;3008
Dare;Unincorporated;July 1, 2018;18157
Davidson;Denton;July 1, 2018;1592
Duplin;Magnolia;July 1, 2018;969
Duplin;Teachey;July 1, 2018;376
Edgecombe;Rocky Mount(Part);July 1, 2018;15687
Edgecombe;Sharpsburg(Part);July 1, 2018;194
Forsyth;Lewisville;July 1, 2018;13356
Forsyth;Winston-Salem;July 1, 2018;243445
Franklin;Unincorporated;July 1, 2018;59564
Gaston;Spencer Mountain*;July 1, 2018;0
Gates;Unincorporated;July 1, 2018;11776
Granville;Stem;July 1, 2018;656
Greene;Unincorporated;July 1, 2018;18829
Guilford;Archdale(Part);July 1, 2018;366
Guilford;Summerfield;July 1, 2018;11812
Halifax;Roanoke Rapids;July 1, 2018;14738
Halifax;Weldon;July 1, 2018;1515
Harnett;Unincorporated;July 1, 2018;108016
Haywood;Canton;July 1, 2018;4400
Haywood;Waynesville;July 1, 2018;10110
Henderson;Hendersonville;July 1, 2018;14251
Hertford;Harrellsville;July 1, 2018;102
Johnston;Clayton(Part);July 1, 2018;21158
Johnston;Princeton;July 1, 2018;1276
Jones;Pollocksville;July 1, 2018;330
Jones;Trenton;July 1, 2018;308
Jones;Unincorporated;July 1, 2018;8522
Lee;Unincorporated;July 1, 2018;29637
Lenoir;Unincorporated;July 1, 2018;33217
Madison;Marshall;July 1, 2018;942
Martin;Bear Grass;July 1, 2018;72
Montgomery;Candor(Part);July 1, 2018;816
Moore;Carthage;July 1, 2018;2415
Moore;Robbins;July 1, 2018;1165
Moore;Southern Pines;July 1, 2018;14224
Nash;Rocky Mount(Part);July 1, 2018;38957
Nash;Spring Hope;July 1, 2018;1315
Northampton;Lasker;July 1, 2018;119
Onslow;Holly Ridge;July 1, 2018;1825
Onslow;Richlands;July 1, 2018;1867
Onslow;Surf City(Part);July 1, 2018;300
Orange;Mebane(Part);July 1, 2018;2154
Pamlico;Grantsboro;July 1, 2018;697
Pender;Burgaw;July 1, 2018;4091
Pender;St. Helena;July 1, 2018;432
Perquimans;Winfall;July 1, 2018;605
Randolph;Seagrove;July 1, 2018;226
Richmond;Hoffman;July 1, 2018;574
Richmond;Rockingham;July 1, 2018;9099
Richmond;Unincorporated;July 1, 2018;27193
Robeson;Pembroke;July 1, 2018;3247
Robeson;Proctorville;July 1, 2018;112
Rowan;Faith;July 1, 2018;830
Rowan;Landis;July 1, 2018;3176
Rutherford;Ellenboro;July 1, 2018;889
Rutherford;Ruth;July 1, 2018;461
Rutherford;Rutherfordton;July 1, 2018;4133
Scotland;Unincorporated;July 1, 2018;18358
Stanly;Locust(Part);July 1, 2018;3212
Stanly;New London;July 1, 2018;748
Stanly;Unincorporated;July 1, 2018;32959
Surry;Dobson;July 1, 2018;1578
Transylvania;Unincorporated;July 1, 2018;26327
Tyrrell;Columbia;July 1, 2018;833
Union;Fairview;July 1, 2018;3773
Union;Lake Park;July 1, 2018;3722
Wake;Angier(Part);July 1, 2018;204
Wake;Holly Springs;July 1, 2018;34068
Wake;Rolesville;July 1, 2018;6635
Wake;Wendell;July 1, 2018;7132
Washington;Plymouth;July 1, 2018;3544
Washington;Unincorporated;July 1, 2018;7779
Wilson;Sharpsburg(Part);July 1, 2018;557
Yadkin;East Bend;July 1, 2018;594
Yancey;Unincorporated;July 1, 2018;16746
